{
  "mono_latent_property_corr_mean": NaN,
  "mono_diversity": 215.36790466308594,
  "mono_r2": 0.7147348373527049,
  "mono_fitness_mean": -1.7983605289101288
}